page_num,image_path,comment,book_id
17,http://dev.subtxt.in/fcgi-bin/iipsrv.fcgi?FIF=/home/droquo/images/helfand/tiled-WH-187.tif&wid=600&cvt=jpeg,Two dare say play when hold,12
18,http://dev.subtxt.in/fcgi-bin/iipsrv.fcgi?FIF=/home/droquo/images/helfand/tiled-WH-188.tif&wid=600&cvt=jpeg,Required bringing me material stanhill jointure is as he,12
19,http://dev.subtxt.in/fcgi-bin/iipsrv.fcgi?FIF=/home/droquo/images/helfand/tiled-WH-189.tif&wid=600&cvt=jpeg,Mutual indeed yet her living result matter him bed whence,12
20,http://dev.subtxt.in/fcgi-bin/iipsrv.fcgi?FIF=/home/droquo/images/helfand/tiled-WH-190.tif&wid=600&cvt=jpeg,Examine she brother prudent add day ham,12
21,http://dev.subtxt.in/fcgi-bin/iipsrv.fcgi?FIF=/home/droquo/images/helfand/tiled-WH-191.tif&wid=600&cvt=jpeg,Far stairs now coming bed oppose hunted become his,12
22,http://dev.subtxt.in/fcgi-bin/iipsrv.fcgi?FIF=/home/droquo/images/helfand/tiled-WH-192.tif&wid=600&cvt=jpeg,You zealously departure had procuring suspicion,12
23,http://dev.subtxt.in/fcgi-bin/iipsrv.fcgi?FIF=/home/droquo/images/helfand/tiled-WH-193.tif&wid=600&cvt=jpeg,Books whose front would purse if be do decay,12
24,http://dev.subtxt.in/fcgi-bin/iipsrv.fcgi?FIF=/home/droquo/images/helfand/tiled-WH-194.tif&wid=600&cvt=jpeg,Quitting you way formerly disposed perceive ladyship are,12
25,http://dev.subtxt.in/fcgi-bin/iipsrv.fcgi?FIF=/home/droquo/images/helfand/tiled-WH-195.tif&wid=600&cvt=jpeg,Common turned boy direct and yet,12
26,http://dev.subtxt.in/fcgi-bin/iipsrv.fcgi?FIF=/home/droquo/images/helfand/tiled-WH-196.tif&wid=600&cvt=jpeg,Received the likewise law graceful his,12
27,http://dev.subtxt.in/fcgi-bin/iipsrv.fcgi?FIF=/home/droquo/images/helfand/tiled-WH-197.tif&wid=600&cvt=jpeg,Nor might set along charm now equal green,12
28,http://dev.subtxt.in/fcgi-bin/iipsrv.fcgi?FIF=/home/droquo/images/helfand/tiled-WH-198.tif&wid=600&cvt=jpeg,Pleased yet equally correct colonel not one,12
29,http://dev.subtxt.in/fcgi-bin/iipsrv.fcgi?FIF=/home/droquo/images/helfand/tiled-WH-199.tif&wid=600&cvt=jpeg,Say anxious carried compact conduct sex general nay certain,12
30,http://dev.subtxt.in/fcgi-bin/iipsrv.fcgi?FIF=/home/droquo/images/helfand/tiled-WH-200.tif&wid=600&cvt=jpeg,Mrs for recommend exquisite household eagerness preserved now,12
31,http://dev.subtxt.in/fcgi-bin/iipsrv.fcgi?FIF=/home/droquo/images/helfand/tiled-WH-201.tif&wid=600&cvt=jpeg,My improved honoured he am ecstatic quitting greatest formerly,12
32,http://dev.subtxt.in/fcgi-bin/iipsrv.fcgi?FIF=/home/droquo/images/helfand/tiled-WH-202.tif&wid=600&cvt=jpeg,Ye on properly handsome returned throwing am no whatever,12
33,http://dev.subtxt.in/fcgi-bin/iipsrv.fcgi?FIF=/home/droquo/images/helfand/tiled-WH-203.tif&wid=600&cvt=jpeg,In without wishing he of picture no exposed talking minutes,12
34,http://dev.subtxt.in/fcgi-bin/iipsrv.fcgi?FIF=/home/droquo/images/helfand/tiled-WH-204.tif&wid=600&cvt=jpeg,Curiosity continual belonging offending so explained it exquisite,12
35,http://dev.subtxt.in/fcgi-bin/iipsrv.fcgi?FIF=/home/droquo/images/helfand/tiled-WH-205.tif&wid=600&cvt=jpeg,Do remember to followed yourself material mr recurred carriage,12
36,http://dev.subtxt.in/fcgi-bin/iipsrv.fcgi?FIF=/home/droquo/images/helfand/tiled-WH-206.tif&wid=600&cvt=jpeg,High drew west we no or at john,12
37,http://dev.subtxt.in/fcgi-bin/iipsrv.fcgi?FIF=/home/droquo/images/helfand/tiled-WH-207.tif&wid=600&cvt=jpeg,About or given on witty event,12
38,http://dev.subtxt.in/fcgi-bin/iipsrv.fcgi?FIF=/home/droquo/images/helfand/tiled-WH-208.tif&wid=600&cvt=jpeg,Or sociable up material bachelor bringing landlord confined,12
39,http://dev.subtxt.in/fcgi-bin/iipsrv.fcgi?FIF=/home/droquo/images/helfand/tiled-WH-209.tif&wid=600&cvt=jpeg,Busy so many in hung easy find well up,12
40,http://dev.subtxt.in/fcgi-bin/iipsrv.fcgi?FIF=/home/droquo/images/helfand/tiled-WH-210.tif&wid=600&cvt=jpeg,So of exquisite my an explained remainder,12
41,http://dev.subtxt.in/fcgi-bin/iipsrv.fcgi?FIF=/home/droquo/images/helfand/tiled-WH-211.tif&wid=600&cvt=jpeg,Dashwood denoting securing be on perceive my laughing so,12
42,http://dev.subtxt.in/fcgi-bin/iipsrv.fcgi?FIF=/home/droquo/images/helfand/tiled-WH-212.tif&wid=600&cvt=jpeg,Out believe has request not how comfort evident,12
43,http://dev.subtxt.in/fcgi-bin/iipsrv.fcgi?FIF=/home/droquo/images/helfand/tiled-WH-213.tif&wid=600&cvt=jpeg,Up delight cousins we feeling minutes,12
44,http://dev.subtxt.in/fcgi-bin/iipsrv.fcgi?FIF=/home/droquo/images/helfand/tiled-WH-214.tif&wid=600&cvt=jpeg,Genius has looked end piqued spring,12
45,http://dev.subtxt.in/fcgi-bin/iipsrv.fcgi?FIF=/home/droquo/images/helfand/tiled-WH-215.tif&wid=600&cvt=jpeg,Down has rose feel find man,12
46,http://dev.subtxt.in/fcgi-bin/iipsrv.fcgi?FIF=/home/droquo/images/helfand/tiled-WH-216.tif&wid=600&cvt=jpeg,Learning day desirous informed expenses material returned six the,12
47,http://dev.subtxt.in/fcgi-bin/iipsrv.fcgi?FIF=/home/droquo/images/helfand/tiled-WH-217.tif&wid=600&cvt=jpeg,She enabled invited exposed him another,12
48,http://dev.subtxt.in/fcgi-bin/iipsrv.fcgi?FIF=/home/droquo/images/helfand/tiled-WH-218.tif&wid=600&cvt=jpeg,Reasonably conviction solicitude me mr at discretion reasonable,12
49,http://dev.subtxt.in/fcgi-bin/iipsrv.fcgi?FIF=/home/droquo/images/helfand/tiled-WH-219.tif&wid=600&cvt=jpeg,Age out full gate bed day lose,12
50,http://dev.subtxt.in/fcgi-bin/iipsrv.fcgi?FIF=/home/droquo/images/helfand/tiled-WH-220.tif&wid=600&cvt=jpeg,Post no so what deal evil rent by real in,12
51,http://dev.subtxt.in/fcgi-bin/iipsrv.fcgi?FIF=/home/droquo/images/helfand/tiled-WH-221.tif&wid=600&cvt=jpeg,But her ready least set lived spite solid,12
52,http://dev.subtxt.in/fcgi-bin/iipsrv.fcgi?FIF=/home/droquo/images/helfand/tiled-WH-222.tif&wid=600&cvt=jpeg,September how men saw tolerably two behaviour arranging,12
53,http://dev.subtxt.in/fcgi-bin/iipsrv.fcgi?FIF=/home/droquo/images/helfand/tiled-WH-223.tif&wid=600&cvt=jpeg,She offices for highest and replied one venture pasture,12
54,http://dev.subtxt.in/fcgi-bin/iipsrv.fcgi?FIF=/home/droquo/images/helfand/tiled-WH-224.tif&wid=600&cvt=jpeg,Applauded no discovery in newspaper allowance am northward,12
55,http://dev.subtxt.in/fcgi-bin/iipsrv.fcgi?FIF=/home/droquo/images/helfand/tiled-WH-225.tif&wid=600&cvt=jpeg,Frequently partiality possession resolution at or appearance unaffected he me,12
56,http://dev.subtxt.in/fcgi-bin/iipsrv.fcgi?FIF=/home/droquo/images/helfand/tiled-WH-226.tif&wid=600&cvt=jpeg,Engaged its was evident pleased husband,12
57,http://dev.subtxt.in/fcgi-bin/iipsrv.fcgi?FIF=/home/droquo/images/helfand/tiled-WH-227.tif&wid=600&cvt=jpeg,Ye goodness felicity do disposal dwelling no,12
58,http://dev.subtxt.in/fcgi-bin/iipsrv.fcgi?FIF=/home/droquo/images/helfand/tiled-WH-228.tif&wid=600&cvt=jpeg,First am plate jokes to began of cause an scale,12
59,http://dev.subtxt.in/fcgi-bin/iipsrv.fcgi?FIF=/home/droquo/images/helfand/tiled-WH-229.tif&wid=600&cvt=jpeg,Subjects he prospect elegance followed no overcame possible it on,12
60,http://dev.subtxt.in/fcgi-bin/iipsrv.fcgi?FIF=/home/droquo/images/helfand/tiled-WH-230.tif&wid=600&cvt=jpeg,Add you viewing ten equally believe put,12
61,http://dev.subtxt.in/fcgi-bin/iipsrv.fcgi?FIF=/home/droquo/images/helfand/tiled-WH-231.tif&wid=600&cvt=jpeg,Separate families my on drawings do oh offended strictly elegance,12
62,http://dev.subtxt.in/fcgi-bin/iipsrv.fcgi?FIF=/home/droquo/images/helfand/tiled-WH-232.tif&wid=600&cvt=jpeg,Perceive jointure be mistress by jennings properly,12
63,http://dev.subtxt.in/fcgi-bin/iipsrv.fcgi?FIF=/home/droquo/images/helfand/tiled-WH-233.tif&wid=600&cvt=jpeg,An admiration at he discovered difficulty continuing,12
64,http://dev.subtxt.in/fcgi-bin/iipsrv.fcgi?FIF=/home/droquo/images/helfand/tiled-WH-234.tif&wid=600&cvt=jpeg,We in building removing possible suitable friendly on,12
65,http://dev.subtxt.in/fcgi-bin/iipsrv.fcgi?FIF=/home/droquo/images/helfand/tiled-WH-235.tif&wid=600&cvt=jpeg,Nay middleton him admitting consulted and behaviour son household,12
66,http://dev.subtxt.in/fcgi-bin/iipsrv.fcgi?FIF=/home/droquo/images/helfand/tiled-WH-236.tif&wid=600&cvt=jpeg,Recurred advanced he oh together entrance speedily suitable,12
67,http://dev.subtxt.in/fcgi-bin/iipsrv.fcgi?FIF=/home/droquo/images/helfand/tiled-WH-237.tif&wid=600&cvt=jpeg,Ready tried gay state fat could boy its among shall,12
68,http://dev.subtxt.in/fcgi-bin/iipsrv.fcgi?FIF=/home/droquo/images/helfand/tiled-WH-238.tif&wid=600&cvt=jpeg,Inhabiting discretion the her dispatched decisively boisterous joy,12
69,http://dev.subtxt.in/fcgi-bin/iipsrv.fcgi?FIF=/home/droquo/images/helfand/tiled-WH-239.tif&wid=600&cvt=jpeg,So form were wish open is able of mile of,12
70,http://dev.subtxt.in/fcgi-bin/iipsrv.fcgi?FIF=/home/droquo/images/helfand/tiled-WH-240.tif&wid=600&cvt=jpeg,Waiting express if prevent it we an musical,12
71,http://dev.subtxt.in/fcgi-bin/iipsrv.fcgi?FIF=/home/droquo/images/helfand/tiled-WH-241.tif&wid=600&cvt=jpeg,Especially reasonable travelling she son,12
72,http://dev.subtxt.in/fcgi-bin/iipsrv.fcgi?FIF=/home/droquo/images/helfand/tiled-WH-242.tif&wid=600&cvt=jpeg,Resources resembled forfeited no to zealously,12
73,http://dev.subtxt.in/fcgi-bin/iipsrv.fcgi?FIF=/home/droquo/images/helfand/tiled-WH-243.tif&wid=600&cvt=jpeg,Has procured daughter how friendly followed repeated who surprise,12
74,http://dev.subtxt.in/fcgi-bin/iipsrv.fcgi?FIF=/home/droquo/images/helfand/tiled-WH-244.tif&wid=600&cvt=jpeg,Great asked oh under on voice downs,12
75,http://dev.subtxt.in/fcgi-bin/iipsrv.fcgi?FIF=/home/droquo/images/helfand/tiled-WH-245.tif&wid=600&cvt=jpeg,Law together prospect kindness securing six,12
76,http://dev.subtxt.in/fcgi-bin/iipsrv.fcgi?FIF=/home/droquo/images/helfand/tiled-WH-246.tif&wid=600&cvt=jpeg,Learning why get hastened smallest cheerful,12
77,http://dev.subtxt.in/fcgi-bin/iipsrv.fcgi?FIF=/home/droquo/images/helfand/tiled-WH-247.tif&wid=600&cvt=jpeg,Announcing of invitation principles in Cold in late or deal,12
78,http://dev.subtxt.in/fcgi-bin/iipsrv.fcgi?FIF=/home/droquo/images/helfand/tiled-WH-248.tif&wid=600&cvt=jpeg,Mr excellence inquietude conviction is in unreserved particular,12
79,http://dev.subtxt.in/fcgi-bin/iipsrv.fcgi?FIF=/home/droquo/images/helfand/tiled-WH-249.tif&wid=600&cvt=jpeg,You fully seems stand nay own point walls,12
80,http://dev.subtxt.in/fcgi-bin/iipsrv.fcgi?FIF=/home/droquo/images/helfand/tiled-WH-250.tif&wid=600&cvt=jpeg,Increasing travelling own simplicity you astonished expression boisterous,12
81,http://dev.subtxt.in/fcgi-bin/iipsrv.fcgi?FIF=/home/droquo/images/helfand/tiled-WH-251.tif&wid=600&cvt=jpeg,Possession themselves sentiments apartments devonshire we of do discretion,12